{
  "oldParams": true,
  "wave_type": 0,
  "p_env_attack": 0.072,
  "p_env_sustain": 0.116,
  "p_env_punch": -0.0034980890117242563,
  "p_env_decay": 0.238,
  "p_base_freq": 0.149,
  "p_freq_limit": 0,
  "p_freq_ramp": 0.152,
  "p_freq_dramp": -0.072,
  "p_vib_strength": -0.047567016071641835,
  "p_vib_speed": 0,
  "p_arp_mod": -0.03035752959574214,
  "p_arp_speed": -0.04511090952480967,
  "p_duty": 0.35888259169745923,
  "p_duty_ramp": 0.014484368214173343,
  "p_repeat_speed": 0,
  "p_pha_offset": 0.030136490947180822,
  "p_pha_ramp": 0,
  "p_lpf_freq": 0.587007763369137,
  "p_lpf_ramp": 0.04938677964417579,
  "p_lpf_resonance": 0,
  "p_hpf_freq": 0.13930791265068437,
  "p_hpf_ramp": -0.02849569558641704,
  "sound_vol": 0.25,
  "sample_rate": 44100,
  "sample_size": 8,
  "p_vib_delay": null
}