{
  "oldParams": true,
  "wave_type": 1,
  "p_env_attack": 0,
  "p_env_sustain": 0.2141160679331198,
  "p_env_punch": 0.0898212933337838,
  "p_env_decay": 0.017680982777586517,
  "p_base_freq": 0.6010389825230944,
  "p_freq_limit": 0.2,
  "p_freq_ramp": -0.3455443712073293,
  "p_freq_dramp": 0,
  "p_vib_strength": 0,
  "p_vib_speed": 0,
  "p_arp_mod": 0,
  "p_arp_speed": 0,
  "p_duty": 0.002199005982981117,
  "p_duty_ramp": 0.05149333885189203,
  "p_repeat_speed": 0,
  "p_pha_offset": 0,
  "p_pha_ramp": 0,
  "p_lpf_freq": 1,
  "p_lpf_ramp": 0,
  "p_lpf_resonance": 0,
  "p_hpf_freq": 0.2743586945129819,
  "p_hpf_ramp": 0,
  "sound_vol": 0.25,
  "sample_rate": 44100,
  "sample_size": 8
}